epoch,metric1,metric2
1,1.4658879,73.12429
2,2.3373,81.89322
3,0.9210106,75.45866
4,1.9584401,110.51257
5,1.399365,73.5547
6,1.6095438,196.77773
7,1.3843298,252.63225
8,0.8280297,85.86699
9,1.2320417,94.4046
10,3.5064542,92.48285
11,158.29811,5.3361435
12,26.300192,228.49419
13,191.19815,109.45689
14,102.501465,59.119957
15,116.59947,46.008568
16,104.261444,92.420555
17,66.65429,34.170464
18,32.747906,113.20317
19,33.361973,81.53279
20,100.96122,-64.189606
21,-40.0094,49.808113
22,3.3509655,12.655257
23,56.891827,152.4534
24,175.1352,112.13231
25,118.44613,220.56653
26,201.03809,68.95284
27,146.43051,70.15101
28,62.817398,171.95341
29,53.719826,148.73111
30,159.82858,200.68686
31,219.95212,193.67403
32,206.25691,174.43872
33,179.53172,120.22917
34,137.41106,234.7804
35,292.18375,183.49326
36,155.96242,293.15494
37,254.06183,195.61105
38,211.94487,259.14005
39,190.76167,156.71298
40,203.02681,219.54607
41,180.07393,295.6782
42,184.59067,240.73279
43,269.8603,109.36283
44,108.42343,206.47466
45,200.66057,255.3475
46,175.89798,232.75606
47,220.9964,195.81639
48,224.51712,255.65324
49,236.46779,246.10982
50,235.77579,229.97794
51,206.67026,276.99643
52,280.1342,190.19293
53,222.87436,199.71475
54,282.9905,316.94397
55,297.9297,178.45944
56,231.26724,181.97336
57,167.5025,153.68948
58,170.94635,230.72469
59,215.55106,165.038
60,182.70177,237.81882
61,248.68835,262.41803
62,343.91614,257.60175
63,305.3617,256.35977
64,293.9697,127.26349
65,192.93713,151.00566
66,178.66174,243.44894
67,275.2859,203.66507
68,189.95177,139.24509
69,169.67984,127.98368
70,129.48607,145.90317
71,163.34346,235.18742
72,170.55066,115.81232
73,131.65944,277.90286
74,256.94397,283.3445
75,188.93005,287.64365
76,216.15678,160.8868
77,159.86601,344.04407
78,237.0643,311.2429
79,343.33603,181.86853
80,146.91916,174.18687
81,155.42006,184.33597
82,204.50705,126.706764
83,144.86159,456.68613
84,304.60065,178.56256
85,333.45673,295.26233
86,506.70236,394.47797
87,458.59912,460.8653
88,459.68695,445.9878
89,935.5822,551.05444
90,568.2526,496.79703
91,383.7473,398.07867
92,432.82922,367.25235
93,365.07126,583.0605
94,396.28607,292.85266
95,225.34735,1073.1511
96,1968.6552,773.587
97,1508.2738,852.3817
98,1812.2922,766.93146
99,1104.6312,910.6159
100,1095.4558,891.7284
101,701.7205,666.0574
102,650.1953,906.5127
103,500.26535,737.18274
104,1744.4427,653.33215
105,1341.9009,796.0275
106,732.19604,734.34467
107,622.5516,689.21716
108,515.5252,857.03284
109,1714.3827,1014.0827
110,1255.0789,1062.4366
111,776.50336,825.71124
112,586.7405,807.661
113,1437.2943,1076.2345
114,873.3362,728.1671
115,1021.5908,759.7745
116,756.95544,817.1826
117,653.35547,809.58887
118,1533.3353,913.512
119,690.3736,1141.6665
120,944.6335,761.245
121,781.8557,838.85974
122,1028.8959,897.7743
123,627.4943,1944.5137
124,908.91315,999.53876
125,957.3669,440.04242
126,996.19794,781.5783
127,1475.9543,322.37637
128,210.30832,315.43643
129,1010.21246,399.28827
130,1111.3975,446.18976
131,998.0417,1373.3298
132,418.6827,1156.0466
133,987.65485,1502.0956
134,2065.337,1790.2383
135,1112.7546,2129.424
136,2265.382,1462.561
137,2831.2322,2143.0835
138,2220.784,1945.099
139,2614.077,2022.9945
140,388.11545,1965.8109
141,2387.5159,2028.6895
142,2403.0496,2142.119
143,1396.8512,1839.4905
144,2375.05,1561.7565
145,2139.832,1786.9177
146,726.9336,2155.3542
147,2527.4197,1547.9552
148,2314.6653,1323.7449
149,2472.6355,2012.7393
150,2259.73,2332.62
151,2461.3105,2492.1318
152,2527.7178,2332.103
153,1379.0607,2290.387
154,2731.1401,1659.5052
155,1232.7178,2173.2695
156,2875.0166,2028.0449
157,2631.821,1431.8481
158,2012.047,1236.6555
159,629.64685,2049.4236
160,1549.398,1254.2131
161,1043.052,1976.5879
162,2854.9978,1209.6077
163,1245.5032,1796.7699
164,1698.0515,1572.721
165,3223.4014,1373.2711
166,1657.2008,2820.2495
167,3002.7815,2268.516
168,2737.8567,1328.6447
169,1310.4141,1499.3938
170,856.03613,2698.2842
171,2865.923,2977.4624
172,2915.7263,2560.7495
173,2910.2603,2417.4126
174,2918.8694,2751.5369
175,2975.5542,2498.589
176,2162.251,2567.1184
177,2885.7192,2013.5999
178,1227.9675,2408.4832
179,2859.0076,2674.8464
180,3077.8022,1725.084
181,2348.5066,2397.274
182,2958.5325,2447.002
183,2997.4055,2623.1921
184,2835.3796,2680.8853
185,2749.4934,2643.1204
186,2857.592,2305.024
187,2855.1123,3110.0044
188,2933.202,2503.4143
189,1353.2727,2756.2876
190,1388.6476,1839.8157
191,2807.713,2434.114
192,2089.4834,2539.323
193,2067.2607,2575.5547
194,2887.0237,2309.2527
195,2310.9468,2958.6895
196,2902.3486,2408.8447
197,2924.9097,2462.7234
198,3255.1436,2972.6848
199,2972.343,2538.8872
200,2988.8083,2690.4316
201,2828.9429,2774.8013
202,2830.8547,2725.0015
203,1473.6417,2887.417
204,2706.9949,1893.0137
205,2534.6633,2928.3354
206,3190.6753,3046.9106
207,2995.7773,2840.7612
208,2855.373,3074.1797
209,3068.5083,3030.5513
210,2982.8286,2495.0823
211,3019.002,2901.3784
212,28.114809,2929.2236
213,2890.344,3047.4673
214,2940.1365,3156.2954
215,3033.6765,3331.6543
216,3124.2625,3038.801
217,3367.459,3136.2163
218,3242.4556,2047.7217
219,1036.5402,3063.0405
220,3034.4487,3210.274
221,3137.927,3024.9387
222,3151.5432,3282.7332
223,2960.3262,3289.1648
224,3323.1104,2776.89
225,3275.4255,3077.9944
226,3189.189,3075.0945
227,3394.284,3199.604
228,3258.6196,2984.7368
229,3246.0042,2525.8923
230,3149.7922,3228.8123
231,3060.2148,3152.7642
232,3354.192,2781.69
233,3074.8916,3410.1985
234,2923.513,2915.9592
235,1738.9375,1693.3656
236,3086.6785,2818.8872
237,3320.0989,2879.724
238,3198.5452,3318.7676
239,3097.5745,3420.6836
240,3354.8435,2560.734
241,1815.5917,3083.6575
242,3107.164,3162.4011
243,3407.843,3102.8892
244,2377.0015,3282.518
245,3216.369,3183.389
246,3169.3342,2803.4653
247,3147.8103,3204.3687
248,3283.0247,3275.8225
249,3280.6348,3128.6367
250,3212.715,3335.7063
251,3374.969,3198.3665
252,3520.1938,1656.4622
253,1295.1906,3353.9067
254,3281.857,2429.0454
255,3227.739,2312.1433
256,1786.8495,3059.4802
257,43.679127,3265.4282
258,1889.4407,3063.8562
259,3226.4246,2269.3499
260,1932.5671,2940.5474
261,3301.7878,3290.1245
262,3271.2864,3302.2195
263,3288.274,3548.6316
264,3466.0886,2971.7036
265,3373.2905,2573.3774
266,1727.1495,3369.9524
267,2766.6084,3287.5063
268,3336.6663,3527.9973
269,3291.846,3253.2856
270,3464.655,3537.8352
271,3270.788,3583.9102
272,3793.3545,3270.2805
273,3623.468,3559.026
274,3224.9832,3527.741
275,1828.5148,2836.8687
276,3451.529,3139.0771
277,3233.331,2284.3518
278,3603.6055,3545.4019
279,1613.9006,3628.4583
280,3439.406,3547.8262
281,3502.2363,3365.4075
282,3408.248,2525.4214
283,3425.404,3410.4565
284,3041.2512,3244.3928
285,3482.7827,3484.773
286,3391.481,3664.2847
287,3309.596,3384.5806
288,3557.1365,3665.25
289,3423.2754,3214.6294
290,3699.9314,2939.3125
291,2353.5806,3307.202
292,3330.7466,3336.847
293,3427.1638,3488.5513
294,3350.476,2694.6392
295,3515.565,3515.847
296,3467.0225,3524.7253
297,3458.8938,3624.4604
298,3554.1887,3409.7817
299,3582.0698,3554.8079
300,3347.1223,3580.5688
301,3462.6638,3555.8003
302,3495.8928,3428.9595
303,3508.0073,2502.503
304,3717.513,3688.2903
305,3839.6653,3588.859
306,3583.2388,3638.9653
307,3597.463,3365.7395
308,3459.5178,3642.9878
309,3576.2646,3157.018
310,3734.5854,3719.6165
311,943.0851,3622.2046
312,3740.8337,3766.0684
313,3651.7002,3640.225
314,3727.675,3744.0063
315,3706.734,3674.0066
316,3687.2388,3820.5708
317,3638.731,3678.9558
318,3733.9707,3764.1465
319,3744.6243,3835.9336
320,3804.888,3841.0522
321,3852.2107,3841.9321
322,3838.8345,3421.1763
323,3727.875,3622.677
324,3672.185,4000.509
325,3666.9084,4009.1687
326,3755.0825,3698.06
327,3905.262,3688.2532
328,4110.989,3810.0312
329,3994.3325,3842.0195
330,3877.5803,3487.5598
331,3126.954,3509.7456
332,3833.1138,3826.5168
333,3695.6436,3321.315
334,3715.4456,3431.237
335,3542.203,2842.864
336,3838.927,3929.8599
337,3736.577,3889.7593
338,3912.0588,3737.1304
339,3534.1467,3789.6196
340,3857.6772,3494.7026
341,3785.5803,3644.3647
342,3840.8289,3457.9792
343,3734.5762,3367.5884
344,3717.6904,3157.9768
345,2341.8433,3699.8398
346,282.57635,3384.0254
347,2712.0813,2506.779
348,3640.8792,3031.8232
349,2285.3987,3525.2808
350,1108.5789,2334.6199
351,3791.4165,3705.9656
352,3475.304,3625.752
353,3735.4353,3505.7195
354,3674.9182,3728.2812
355,3600.6548,2842.9421
356,3759.0042,3649.0457
357,3627.4543,3739.1458
358,3629.0867,3734.3223
359,3725.222,3435.5066
360,3758.9805,3548.4312
361,3619.7322,3792.6387
362,3757.2375,3705.9172
363,3856.9302,3565.2278
364,3666.252,3442.1765
365,3980.059,3155.0588
366,3106.7954,3174.7434
367,2524.9539,3790.1934
368,3289.0085,3654.9993
369,3634.124,3449.0015
370,3830.0132,2553.1846
371,2781.3413,3545.3699
372,3855.86,3589.7058
373,3727.3933,3038.1157
374,3579.795,3280.8152
375,3872.9539,3379.3804
376,1281.0927,3719.3508
377,3807.5037,3885.2168
378,3945.7708,3474.0835
379,3920.339,3602.7925
380,3899.1309,3832.196
381,3747.0125,3907.4739
382,1649.6716,3898.1028
383,3818.6313,3750.0571
384,4033.8904,3571.638
385,3767.1943,3779.1453
386,3966.043,3901.2898
387,3765.0505,3892.9695
388,3885.0583,3898.6108
389,3864.715,3908.2012
390,2542.87,3911.3464
391,3879.6897,3838.398
392,3871.775,3758.7222
393,3903.293,3974.7378
394,3591.4658,3802.6978
395,4126.792,3926.9773
396,2534.62,3756.136
397,3846.032,3448.879
398,3809.347,3493.7332
399,3503.4292,3663.9487
400,3797.305,3932.3289
401,3904.52,3758.8457
402,2542.903,3853.2954
403,3895.0063,3887.2388
404,3718.3606,3526.0515
405,3510.8213,3396.6074
406,3667.4275,2580.4595
407,4004.7422,3686.5815
408,3781.7925,3247.0168
409,3702.519,3920.1465
410,3722.571,3687.8374
411,3974.3044,3744.1125
412,3657.3816,3579.7114
413,3510.4417,3627.7935
414,3627.6665,3735.1973
415,3713.871,2337.8767
416,3764.0977,4061.584
417,3689.992,3769.3848
418,4006.6394,1160.2677
419,3777.3604,2114.0552
420,1869.2748,3813.6375
421,3604.2993,2896.6526
422,3475.0728,3949.5962
423,3793.1943,3607.743
424,3662.7524,3164.1333
425,3982.1465,4069.2031
426,3238.55,2762.2002
427,3107.457,2622.4612
428,3789.1985,3860.9617
429,3683.6113,3919.4429
430,3806.6384,3637.6921
431,4124.7173,4044.4968
432,2234.4004,3314.2793
433,4195.109,3846.0344
434,4041.4692,3945.8801
435,3909.249,3839.8687
436,4102.7407,3598.6282
437,3523.9365,3991.261
438,3969.4429,3952.5847
439,3901.0552,3634.059
440,3827.1572,4089.8235
441,3983.754,3630.0352
442,4092.084,4137.6294
443,4165.509,3900.1777
444,3354.887,4100.9155
445,3952.7847,3989.1335
446,3933.321,3851.0078
447,3782.6155,4040.6477
448,4020.63,3857.8452
449,4149.1284,3571.7231
450,4066.7185,3868.6902
451,4030.7893,3513.0845
452,3447.545,3647.6157
453,3758.047,3402.9524
454,3574.4043,3814.6926
455,4101.671,3662.0112
456,3971.9058,3925.8052
457,4001.3906,3912.5288
458,3847.0347,3601.2983
459,3846.7034,3264.3706
460,2462.072,3380.7585
461,3986.0818,3995.6296
462,3946.6006,3123.4917
463,3998.7998,3661.7415
464,1975.7065,3794.114
465,3160.2554,3296.0515
466,4065.293,3600.0488
467,4090.0627,3390.8608
468,2554.6045,3575.8386
469,3780.2903,4227.664
470,4151.928,3200.6
471,4145.9634,3930.6062
472,3908.7124,3792.2212
473,4075.546,4105.5986
474,4068.6716,3993.0598
475,3914.7935,4022.138
476,2659.305,3882.7031
477,3757.598,3877.8274
478,4085.8284,4072.6125
479,4047.9966,3957.3384
480,3987.1296,3770.1772
481,3928.2434,2063.9111
482,3909.408,3533.0005
483,3892.37,3720.3586
484,4032.509,1402.4458
485,4044.5173,4102.6865
486,4199.869,3898.4683
487,4028.8608,4110.591
488,4162.023,4113.456
489,4029.1348,4202.927
490,4113.651,4237.8276
491,4050.2637,4263.585
492,4290.036,4120.47
493,4158.2188,4055.4739
494,4045.8103,4093.5476
495,4057.942,3769.4546
496,4113.438,4129.4434
497,4224.262,3918.771
498,2214.95,4030.317
499,3908.4636,4080.5637
500,4004.343,4200.665
501,4245.7905,4134.97
502,3944.9746,3742.0366
503,4380.77,2786.352
504,4153.4067,4323.022
505,1275.7272,4260.948
506,4420.367,3862.735
507,4205.986,4177.044
508,4103.221,3063.4253
509,4381.2686,3899.985
510,3913.8157,3379.597
511,4187.039,3973.1523
512,4353.8003,4004.6282
513,4206.069,4051.877
514,2130.758,4229.523
515,2235.78,4035.164
516,4066.9573,3934.8296
517,3962.7224,4053.1294
518,4032.199,4150.8403
519,3977.7295,3363.809
520,3926.7214,4123.2207
521,3913.639,4138.557
522,4125.684,885.49255
523,4039.597,4118.987
524,4030.7478,3311.3364
525,4168.503,3914.5776
526,4086.2913,1678.3538
527,2240.0378,2164.7192
528,2663.6545,3535.8054
529,2631.8086,1555.2761
530,4275.6924,4323.4336
531,4115.787,4214.9697
532,4244.199,3495.481
533,2243.4966,4133.9673
534,4136.729,4147.7036
535,4140.0024,4218.2393
536,4111.7676,4210.542
537,4255.839,4155.0913
538,4161.2603,4196.576
539,4125.048,4215.712
540,4216.754,4228.119
541,4042.6052,4099.633
542,4238.3896,4250.604
543,4280.3477,4245.659
544,4283.1714,4281.909
545,4299.0264,4242.214
546,4279.892,4165.559
547,4207.943,4275.906
548,4063.966,4193.0444
549,4184.82,4237.2505
550,4183.4243,4232.263
551,4058.8203,2583.5417
552,1598.1809,4123.3667
553,4055.6387,4246.7837
554,4223.2524,4212.503
555,4280.5996,4133.9077
556,4017.4927,4111.122
557,4055.233,4157.139
558,4198.0806,3349.349
559,4186.3325,3971.0964
560,4259.068,3811.298
561,4182.4473,4274.293
562,4317.873,4099.9663
563,4114.864,4347.8047
564,4219.7944,4155.5747
565,4341.2734,4176.8545
566,4076.33,4055.1665
567,4211.2075,4003.518
568,4219.6694,4329.173
569,4172.9565,3872.498
570,4216.857,4075.6948
571,4196.89,4142.115
572,4029.4778,3958.7935
573,4038.4307,4233.061
574,4024.9453,4209.057
575,4230.059,3374.9995
576,4124.841,3546.7642
577,4167.376,4123.1055
578,4410.9453,3944.1636
579,3239.118,4074.6167
580,4156.162,4115.7646
581,4121.2764,3578.5454
582,4148.7627,4189.4346
583,3580.5723,3770.6082
584,4211.987,4221.38
585,4134.9404,3836.9082
586,4307.389,4122.686
587,4256.1045,3840.623
588,2112.3584,4394.753
589,2220.95,4277.8745
590,4231.1743,4300.6865
591,4237.279,3976.0168
592,2238.7651,4268.7764
593,4423.565,4316.5596
594,4214.85,3909.5112
595,4210.9224,4177.649
596,4310.365,4182.988
597,4088.3564,3770.6724
598,4239.2383,3740.3496
599,4055.2588,3626.7312
600,4113.643,4230.415
601,4114.6924,3840.3267
602,2227.2852,4162.6406
603,4194.2656,4153.2573
604,4134.576,3896.8984
605,3976.8994,4390.427
606,4258.749,4130.403
607,4207.8584,3960.3384
608,4003.0444,4342.1465
609,4095.9395,4165.024
610,4231.9404,3336.2415
611,4286.8833,3764.8984
612,4089.0405,4245.5547
613,4111.195,3837.2856
614,4255.5566,2878.4932
615,3020.4495,4293.329
616,4011.5544,3133.8413
617,3994.3245,3806.028
618,4084.828,4253.822
619,3900.565,4012.1868
620,4196.472,3933.4734
621,3964.561,4114.2217
622,3922.1865,3910.4224
623,3996.7927,3731.1863
624,4148.342,4269.806
625,4034.3767,3959.9421
626,4160.984,3981.1392
627,3994.3416,4100.26
628,3449.6199,4245.4004
629,4130.59,4356.139
630,4164.2314,4246.2573
631,4369.6553,4246.5635
632,4163.398,3596.8118
633,4315.108,3890.4558
634,4073.074,4212.2603
635,3981.2207,4328.5244
636,4137.658,3699.6665
637,3632.3408,3446.186
638,4055.7292,4162.0713
639,4119.8496,4198.503
640,4120.102,4294.298
641,4234.42,4361.919
642,4400.198,4191.374
643,4295.228,4346.575
644,4328.1895,3400.765
645,4094.6538,4368.564
646,4267.1953,4474.3525
647,4347.8877,4477.3936
648,4386.1187,4139.333
649,4100.701,4173.2197
650,4172.685,3855.2622
651,4278.566,4199.9395
652,4346.5684,2220.2944
653,2708.1848,4477.544
654,4194.004,4239.757
655,4280.015,4168.194
656,4200.1436,3981.0945
657,4385.078,3864.731
658,4260.271,4431.296
659,4130.1826,3889.9597
660,4195.825,4289.1885
661,4283.578,4208.648
662,2717.9587,3516.9458
663,4051.8738,3798.942
664,4025.2688,4281.478
665,4206.4116,4379.04
666,4165.969,4369.6846
667,4339.834,4053.0652
668,4314.5386,3795.5981
669,2111.3948,3056.622
670,4180.714,4262.121
671,4117.9336,4347.0586
672,4150.4526,3967.8347
673,4272.749,3063.3767
674,4332.785,4467.3696
675,4233.8,4420.8315
676,4271.804,3754.5957
677,2284.6035,4361.38
678,4131.196,4199.835
679,4316.9287,4302.837
680,4102.563,3897.5989
681,4508.1196,3459.459
682,4437.1987,3674.4402
683,4350.968,3806.257
684,2704.841,4400.8604
685,4370.0483,4316.4067
686,4041.652,4371.409
687,4262.938,4227.964
688,4282.01,3873.8003
689,4204.885,3813.3257
690,2218.4514,4301.3726
691,4257.1807,3443.2866
692,4286.3657,4379.253
693,4313.115,4294.1694
694,4342.072,4407.908
695,4376.8467,3475.3079
696,3980.18,1378.3816
697,4254.9326,2804.4653
698,4109.1953,4309.833
699,4303.425,4377.2007
700,4208.2104,1716.5677
701,1583.1947,2640.331
702,4446.5444,4447.3853
703,4188.697,4384.6836
704,841.1275,3195.3254
705,4304.3833,3844.5703
706,4315.018,3981.866
707,3805.6943,3854.0195
708,4287.374,4044.0554
709,4293.277,4403.3022
710,4440.6714,4343.7256
711,3191.5652,4308.3755
712,4324.319,4434.5894
713,4319.8784,3550.569
714,4259.667,4248.6426
715,4311.525,4291.439
716,4241.274,4499.171
717,4325.252,4186.6484
718,4278.8325,3936.8071
719,4239.5425,4264.1064
720,4161.972,3783.0625
721,3566.8267,4285.8867
722,4340.3413,4197.6587
723,4325.868,4357.691
724,4345.1465,3935.0464
725,4384.6147,4325.493
726,4203.9565,4455.9946
727,4284.9424,3898.3945
728,4321.4253,4375.589
729,4247.6934,3845.6934
730,4182.7363,4396.089
731,4332.2812,4501.629
732,4391.343,4492.5864
733,4382.9487,4374.7593
734,4346.8506,3775.3384
735,4275.529,4209.2656
736,4185.374,4086.0461
737,4255.659,4454.837
738,4356.882,4366.992
739,4354.858,1902.485
740,2379.4722,4407.2354
741,4523.55,3697.0637
742,1400.2817,2502.6067
743,4269.843,4482.7085
744,4380.986,4562.4385
745,4462.825,4338.59
746,4394.151,4538.9165
747,4441.4253,2007.7559
748,1734.2167,3566.192
749,4545.8257,4339.507
750,4415.8965,4348.9795
751,4361.9663,3254.5295
752,2170.0566,4535.4087
753,4451.7812,2290.9124
754,4524.853,3742.5046
755,1004.83386,4527.3657
756,4549.96,4401.7485
757,4567.16,4431.9775
758,4483.478,4479.3584
759,4391.811,4607.134
760,4713.7383,3792.1816
761,2450.488,4540.2407
762,4189.6074,4598.2695
763,4534.077,4432.4663
764,4521.194,4321.592
765,4363.9536,4401.036
766,4189.481,4192.026
767,4241.0283,4456.9146
768,4317.4233,4262.32
769,4165.203,4429.9907
770,4484.4546,4493.9224
771,4511.032,4486.9897
772,4588.2534,4484.8135
773,4556.9673,4422.5938
774,4338.169,4293.959
775,4486.4404,4450.6606
776,4487.2666,4567.147
777,4561.2915,4376.6235
778,4321.056,3577.2117
779,1373.4369,4600.189
780,4411.3203,4365.999
781,4422.9443,4438.183
782,4427.9907,4607.7646
783,4631.06,4398.1396
784,4481.6255,4792.964
785,4666.25,4654.8955
786,4658.7886,3637.3628
787,4479.0356,4686.943
788,4594.859,4490.9575
789,4582.0713,4480.582
790,4479.5684,4534.1006
791,4573.3843,4860.511
792,4690.445,4444.5312
793,4521.988,4488.3057
794,4513.318,4554.3643
795,4579.93,4366.1274
796,4396.8735,4528.766
797,4590.5894,4459.7744
798,4369.1733,4574.4463
799,4825.4307,3991.153
800,4295.778,4484.19
801,4527.5757,4431.842
802,4382.2646,4601.774
803,4488.986,4368.245
804,4406.537,4426.341
805,4432.6504,4459.74
806,4513.8926,4543.81
807,4547.2974,4636.8525
808,4576.9653,4024.3438
809,4407.2505,4667.337
810,4488.604,4737.3374
811,4697.256,4813.798
812,4732.685,4709.454
813,4635.768,4497.3447
814,4559.965,4594.0024
815,4743.409,4701.691
816,4872.8506,4633.12
817,4637.1646,4440.3057
818,4390.036,4697.7866
819,4595.796,4487.3364
820,4662.546,4809.7354
821,4740.866,4610.417
822,4766.135,4491.886
823,4484.7896,4353.514
824,4770.773,4534.5586
825,4609.063,4807.7563
826,4637.7075,4727.1123
827,4675.932,4668.788
828,4677.0747,4748.8057
829,4688.7153,4704.833
830,4655.577,4676.4624
831,4618.561,4717.243
832,4772.2427,4543.343
833,4770.68,4648.6997
834,4661.194,4756.681
835,4743.1914,3892.2786
836,4661.929,4663.454
837,4697.938,4701.7734
838,4773.7173,4676.7314
839,4651.406,4421.5137
840,4837.658,4788.0303
841,4646.679,4811.01
842,4845.3667,4696.269
843,4556.43,4671.881
844,4587.0576,4495.6826
845,4448.3335,4858.96
846,4737.829,4726.181
847,4786.2017,4424.5337
848,1924.1326,4510.2188
849,4560.7495,1785.0325
850,1563.1808,3871.0261
851,1488.6117,4540.591
852,4516.918,4560.671
853,4390.2246,4478.655
854,4491.7017,3874.636
855,4557.822,4584.829
856,4589.557,4372.2017
857,4618.6685,4360.917
858,4301.002,4673.3335
859,4496.9443,4476.724
860,4560.5947,4485.671
861,4349.8086,4328.4727
862,4499.6216,4692.1807
863,4614.357,4494.303
864,4673.557,4299.009
865,4594.8594,4767.786
866,4752.209,4624.254
867,4670.121,4756.128
868,4534.228,4504.2886
869,4400.7495,4378.081
870,4487.044,3592.5586
871,4557.6587,4826.1914
872,4681.246,4806.743
873,4582.8564,4419.29
874,4713.7563,4550.634
875,4456.323,4664.9766
876,4595.543,4467.2373
877,4633.336,4400.9077
878,4499.5977,4575.9556
879,4470.311,4498.028
880,4624.2046,4715.5654
881,4549.087,4543.1987
882,4659.7646,4536.7827
883,4543.3257,4162.6606
884,4489.6987,4043.8179
885,3792.0254,4545.3623
886,4428.7236,4561.427
887,4608.051,4564.4233
888,4493.1646,4812.1714
889,4952.48,4513.1035
890,4545.7734,4525.4404
891,4601.678,4625.657
892,4529.9756,4448.9043
893,4646.57,4656.7505
894,4517.498,4735.051
895,4729.1973,4822.021
896,4655.7837,4068.771
897,4814.577,4740.4316
898,4752.645,4795.0103
899,4594.74,4549.1157
900,4555.7656,4719.095
901,4909.769,4686.007
902,4592.291,1623.8735
903,833.98364,4819.331
904,4803.1006,4209.9424
905,4637.4653,4628.753
906,4785.206,4934.899
907,4701.988,4787.786
908,4765.1577,4679.6714
909,4828.4194,3550.5227
910,4778.646,4481.3057
911,4511.2144,4109.116
912,4505.9487,4908.0156
913,4581.83,4717.8516
914,4858.033,4607.044
915,4443.532,3738.7961
916,4540.7344,4420.1494
917,4412.398,4645.7476
918,4447.2437,4386.561
919,4622.71,4697.3
920,4921.176,4571.257
921,4802.5728,1797.776
922,1153.0448,4726.095
923,4601.4556,4673.2285
924,4565.731,4670.218
925,4556.821,4258.08
926,2552.841,4483.426
927,4564.1865,4703.5737
928,4496.7275,4719.6357
929,4582.3716,4752.776
930,4785.345,4601.9575
931,4455.806,4654.0996
932,4616.7637,4570.0166
933,4664.1724,3480.9766
934,4613.992,4676.96
935,4619.0625,4349.951
936,4490.5522,4547.4756
937,4419.4624,4559.3667
938,4475.501,4682.1494
939,4686.93,4367.3965
940,4498.234,4705.9395
941,4656.843,4822.7393
942,4735.493,4716.619
943,4654.7734,4786.797
944,4743.167,4757.501
945,4705.728,4556.149
946,4629.073,4843.978
947,4728.3296,4542.8467
948,4605.5483,4798.1924
949,4813.464,4402.653
950,4040.1924,4522.735
951,4471.533,4512.789
952,4461.9375,4254.186
953,4300.5586,4695.9775
954,4602.459,4551.7427
955,4567.031,4917.9507
956,4789.738,4913.5947
957,4882.0815,4877.3613
958,4871.06,4696.964
959,4701.262,4754.5186
960,4665.8545,4924.0728
961,4696.882,4998.376
962,4934.0635,4876.7935
963,4855.961,4396.599
964,4619.3833,4738.009
965,4790.7324,4705.687
966,4812.2866,4525.2275
967,4620.8047,4589.9116
968,4595.892,4731.1006
969,4715.1333,4718.669
970,4699.8506,4544.999
971,4615.208,4449.681
972,4348.3994,4465.198
973,4521.883,4078.3828
974,4097.5654,4720.902
975,4471.013,4744.089
976,4746.6836,4782.3916
977,4542.3965,4769.139
978,4776.7744,4484.863
979,4608.2554,4704.8193
980,4637.3545,4737.577
981,4729.889,4556.521
982,4648.0806,4751.9585
983,4600.258,4339.8086
984,4404.5664,3390.5034
985,4548.5176,4761.204
986,4762.1626,4777.1797
987,4738.451,4879.8564
988,4742.208,4739.95
989,4802.005,4466.2065
990,4499.788,4815.904
991,4707.4067,4600.5527
992,4589.366,4053.6108
993,4482.553,4725.079
994,4474.6016,4730.194
995,4754.6636,4643.511
996,4657.724,4463.9395
997,4398.4824,4654.711
998,4344.203,4450.5947
999,4478.384,4870.8384
1000,4613.0215,4843.8506
1001,4853.5156,4801.9546
1002,4783.8604,4730.2754
1003,4767.7188,4799.3906
1004,4684.8228,4482.8413
1005,4644.231,4811.014
1006,4679.242,4676.989
1007,4658.2485,4603.6836
1008,4655.9253,4728.2637
1009,4608.2397,4741.675
1010,4562.519,4711.958
1011,4607.683,4607.0415
1012,4562.9946,4430.8213
1013,4483.0034,4877.9644
1014,4786.613,4732.8677
1015,4731.2856,4801.3
1016,4808.4766,3589.0952
1017,4789.692,4479.065
1018,3583.034,4897.5723
1019,4437.958,4626.3174
1020,4685.621,4689.461
1021,4552.7744,4873.9336
1022,4772.2764,4780.042
1023,4784.2036,4837.7427
1024,4740.852,4682.9067
1025,4706.6157,4832.9883
1026,4705.6455,4739.1787
1027,4680.0566,4643.999
1028,4646.9736,4711.997
1029,4686.1016,4863.181
1030,4760.3003,4684.6904
1031,4697.149,4859.385
1032,4786.3154,4867.492
1033,4809.709,4625.2744
1034,4670.355,4854.591
1035,4762.95,4819.895
1036,4748.6816,4750.371
1037,4781.2188,4769.5938
1038,4583.7065,762.989
1039,2181.428,4775.967
1040,4782.3823,4788.454
1041,4857.374,4766.2573
1042,4630.34,4741.9277
1043,4694.22,4540.061
1044,4809.569,4948.2188
1045,4858.31,4827.1665
1046,4811.063,4730.9126
1047,4772.3013,4473.4985
1048,4822.1733,4841.1357
1049,4876.8257,4966.706
1050,4934.1836,4933.5293
1051,4641.436,4792.784
1052,4843.712,4746.8843
1053,4611.8354,4758.9893
1054,4665.774,4944.776
1055,4926.9233,4651.6367
1056,4706.046,4617.428
1057,4689.8564,4809.368
1058,4607.62,4565.8984
1059,4622.7153,4641.791
1060,4608.8853,4964.5693
1061,4884.5117,4920.7944
1062,4931.1216,5014.063
1063,4942.3066,4836.5654
1064,4554.2437,4800.2534
1065,4755.623,4791.5723
1066,4699.6655,4899.1514
1067,4886.5723,4872.9023
1068,4835.8154,4786.2603
1069,4756.53,4690.4263
1070,4481.2695,4727.663
1071,4696.05,4784.712
1072,4568.5913,4835.203
1073,4814.325,4913.034
1074,4817.228,4976.4634
1075,4963.639,4796.4473
1076,4820.3887,4969.138
1077,4893.9917,5042.051
1078,4982.259,5050.05
1079,4927.4556,4932.8345
1080,4797.459,4997.902
1081,4912.813,4924.3438
1082,4863.259,4838.8477
1083,4802.1533,4732.154
1084,4607.4375,4557.5503
1085,4705.7085,4956.731
1086,4940.508,2813.372
1087,1107.8184,4535.66
1088,4755.78,4323.0527
1089,4367.0205,2851.3396
1090,4594.327,4770.3853
1091,4794.2285,4855.8457
1092,4841.6255,3866.8462
1093,4859.6143,4500.4795
1094,2201.4219,4725.0986
1095,4744.2197,4865.3936
1096,4159.8447,4775.3345
1097,4812.98,4145.944
1098,4742.3984,4884.6255
1099,4734.391,4911.1274
1100,4834.0703,4958.8555
1101,4892.6504,4671.9287
1102,4764.434,4815.0327
1103,4843.1836,4729.3306
1104,4864.2554,3919.5142
1105,4800.5127,3782.8652
1106,2567.2078,4927.412
1107,4832.3193,3452.0266
1108,4540.6855,1470.9282
1109,3287.5874,4902.138
1110,4810.8413,4610.2686
1111,4893.2456,4953.6533
1112,4969.5713,4908.671
1113,4897.144,4860.342
1114,4853.942,4810.1416
1115,4920.025,4598.176
1116,4713.4927,5017.4316
1117,5037.7773,4878.1626
1118,4848.5767,1915.2234
1119,2751.7888,4463.84
1120,4903.666,5023.923
1121,4889.714,4395.2607
1122,4797.4673,4167.2964
1123,2178.7268,3275.5608
1124,2706.1511,4852.024
1125,4810.0283,4601.6816
1126,4729.1836,2583.6143
1127,4934.778,4872.8467
1128,4790.6694,5050.2114
1129,4980.392,1114.8059
1130,1433.6317,5016.9165
1131,4878.928,4978.8477
1132,4885.947,5062.1104
1133,5027.9624,5122.669
1134,5006.1963,5075.289
1135,4714.3604,5117.1006
1136,5227.812,4765.0317
1137,4748.271,2526.8884
1138,4848.263,2090.1558
1139,1232.8599,4849.141
1140,4872.4575,5083.9634
1141,4994.0776,5179.2246
1142,5144.3794,1162.9666
1143,1345.9243,5066.735
1144,4983.7495,5035.476
1145,4851.8774,5131.199
1146,5112.878,5038.706
1147,4925.412,4214.1587
1148,5220.915,4988.622
1149,4938.8184,4760.137
1150,4756.5757,5074.6494
1151,4549.572,5080.2207
1152,4835.205,2111.6377
1153,2599.8994,4580.831
1154,4551.292,4821.2607
1155,4645.734,4939.9087
1156,4824.519,4146.102
1157,2330.429,4998.995
1158,4894.701,3384.2864
1159,4916.3022,4838.1143
1160,5061.2593,2050.7092
1161,1848.5726,4822.102
1162,4936.816,2301.9263
1163,2769.489,2190.6628
1164,4690.801,4844.5225
1165,4753.936,4614.65
1166,4251.3735,3257.4763
1167,4751.478,3378.9468
1168,4744.1665,4482.5156
1169,5049.3994,4691.0703
1170,4887.0205,3111.2827
1171,3064.9604,1999.3666
1172,2244.5232,4800.3525
1173,4734.856,4920.2964
1174,4894.765,4916.694
1175,4851.3804,4818.1245
1176,4803.133,4159.2744
1177,4513.425,4696.0913
1178,4621.4434,4758.573
1179,4701.253,3677.6733
1180,4977.1616,4773.1846
1181,4739.571,4699.52
1182,4770.2197,4768.3545
1183,4692.0713,4352.103
1184,4955.788,5005.1606
1185,4762.1514,4828.376
1186,4895.2114,5007.2295
1187,4846.6,4996.295
1188,5029.1553,4886.3276
1189,4769.3633,4785.69
1190,4784.0083,4728.1836
1191,4679.3027,2178.0796
1192,1528.6038,4703.6353
1193,4812.1035,4607.6245
1194,4841.186,5104.903
1195,4858.5503,4749.493
1196,4770.875,4769.7812
1197,4735.223,4677.343
1198,4735.4795,5039.4736
1199,4981.626,4929.6616
1200,4870.737,4806.629
1201,4891.453,4790.543
1202,4701.6333,4879.9365
1203,4663.142,4953.718
1204,4846.769,3894.2368
1205,4820.493,4636.8696
1206,4709.841,4595.663
1207,4588.358,4751.077
1208,4709.442,3547.2852
1209,4351.7617,4641.6094
1210,5076.5,4552.3623
1211,4836.3154,5198.9165
1212,4683.6357,4935.323
1213,5050.8423,4879.5537
1214,4757.1377,4750.187
1215,4991.1313,4791.3975
1216,4722.7,5062.9307
1217,4931.8213,4956.796
1218,5028.0713,5072.558
1219,4984.824,5056.314
1220,5040.4614,4991.7334
1221,5076.1064,1773.0381
1222,3359.1335,2998.654
1223,3398.2485,4902.518
1224,5071.13,4586.245
1225,5083.86,4383.302
1226,4882.125,4680.2407
1227,4897.325,4465.652
1228,4737.5635,4698.39
1229,5003.046,4895.3027
1230,4747.36,4939.61
1231,4945.4253,5017.827
1232,5014.0317,4433.183
1233,5101.336,4861.209
1234,2198.4387,4362.2144
1235,4827.639,5074.634
1236,4703.6104,4642.3545
1237,4976.0083,4752.5435
1238,4581.9536,4794.6494
1239,5035.5093,5173.352
1240,4959.3247,4488.9814
1241,5099.7764,4727.339
1242,4896.526,4757.3096
1243,4861.522,5108.4224
1244,5109.3853,5048.8486
1245,5069.82,5007.1064
1246,5065.8174,4471.9233
1247,5029.727,5094.5273
1248,4406.409,4999.3545
1249,5042.1187,4814.074
1250,4988.857,4591.9336
1251,4663.651,4635.434
1252,4591.808,5010.502
1253,4658.6084,4401.923
1254,5023.7905,4781.6
1255,5031.7026,4711.0366
1256,4826.4287,4561.9326
1257,4801.845,4565.196
1258,4519.3716,4811.163
1259,4619.1436,4906.4424
1260,4808.9326,5014.53
1261,4974.731,5078.7944
1262,4867.24,4830.9844
1263,5016.784,5038.333
1264,4808.6597,5110.263
1265,4927.9976,4800.839
1266,4881.78,5040.4014
1267,4817.6445,4933.703
1268,4938.531,5007.694
1269,4861.592,4939.048
1270,5020.6885,5178.587
1271,4859.5186,5037.7744
1272,5063.1694,5004.7573
1273,4946.6,4723.387
1274,4913.971,4935.6846
1275,4661.7437,4887.56
1276,4662.894,4854.646
1277,4834.5977,4791.8057
1278,4676.548,4049.5215
1279,4786.896,4775.8584
1280,4391.903,4486.3657
1281,4807.7427,4896.0854
1282,4606.0444,5081.8584
1283,4874.3105,4927.749
1284,4992.2363,4757.167
1285,4947.6836,4879.768
1286,4726.476,4957.587
1287,4875.1978,3780.6206
1288,4963.237,4877.807
1289,4498.4253,4775.9033
1290,4791.433,4433.4697
1291,4728.69,4583.751
1292,4713.0356,4649.3594
1293,4587.54,4605.29
1294,4602.0234,4812.206
1295,4657.3413,4905.512
1296,4718.1836,4850.9097
1297,4920.5957,4764.6133
1298,4752.064,4716.953
1299,4749.4077,4354.6035
1300,4751.944,4862.654
1301,4702.701,4647.659
1302,4518.838,4363.9624
1303,4552.9917,4892.6025
1304,4797.4653,4841.0854
1305,4342.3203,4692.725
1306,4702.2544,4887.6216
1307,4843.2637,4789.798
1308,4789.05,4784.3022
1309,4779.6465,4684.87
1310,4684.725,4186.3257
1311,4657.8,4861.9844
1312,4914.6914,4751.3716
1313,4764.423,4537.158
1314,4510.385,4565.0776
1315,4476.0996,4659.972
1316,4632.497,4596.2393
1317,4501.1406,4704.4854
1318,4624.4946,4635.8584
1319,4582.213,4098.6646
1320,4541.7095,4618.8037
1321,4470.677,4852.7695
1322,4817.0005,4797.256
1323,4747.1445,4494.8916
1324,4462.2285,4515.511
1325,4434.8467,4479.3037
1326,4383.815,4601.5454
1327,4590.571,4517.5166
1328,4435.129,4792.38
1329,4729.104,4813.1987
1330,4748.3545,4702.236
1331,4663.3223,4990.7944
1332,4934.5605,4871.788
1333,4781.347,4731.4697
1334,4713.3384,4636.634
1335,4580.527,4682.838
1336,4897.842,4850.743
1337,4957.9023,4971.931
1338,4784.2207,4596.0186
1339,4584.266,4612.5806
1340,4609.301,4762.8145
1341,4767.2437,4710.714
1342,4683.0957,4639.465
1343,4613.1416,4660.616
1344,4604.3975,4697.8037
1345,4667.0283,4665.2095
1346,4615.488,4578.768
1347,4659.742,4778.56
1348,4746.6074,4773.125
1349,4763.2075,4704.6616
1350,4661.774,4832.009
1351,4835.682,4831.49
1352,4777.147,4838.1816
1353,4823.1167,5037.7275
1354,4968.3794,4633.3535
1355,4701.21,4837.9214
1356,4803.9736,4648.4
1357,4594.816,4652.554
1358,4613.9927,4796.6265
1359,4664.1724,4875.05
1360,4817.3174,4406.271
1361,4296.7095,4835.8853
1362,4721.9526,4897.327
1363,4791.329,4810.9424
1364,4730.5244,4769.635
1365,4631.3784,5068.779
1366,5022.6865,4916.4287
1367,4862.3726,4724.2393
1368,4605.1294,5114.8306
1369,4886.157,5075.7324
1370,4587.776,5030.0835
1371,4884.933,4751.1997
1372,4746.2656,5222.016
1373,4989.183,4626.8286
1374,4630.3965,4640.644
1375,4638.793,4856.824
1376,4645.21,5122.0107
1377,5022.5957,4815.3584
1378,4808.1562,4898.6045
1379,4888.869,5009.254
1380,5093.9917,4815.5356
1381,4827.9375,4774.819
1382,4808.952,3447.4094
1383,4926.0063,4872.589
1384,4811.377,4940.1387
1385,4884.6665,4768.8677
1386,4684.79,4848.4736
1387,4832.9497,4859.999
1388,4815.3047,4753.384
1389,4706.584,4868.616
1390,4854.6367,4472.5723
1391,4493.406,4729.624
1392,4733.8657,4711.1826
1393,4568.2583,4522.372
1394,4369.3013,4620.5537
1395,4650.8696,4869.6055
1396,4789.38,4653.2725
1397,4746.04,4635.9585
1398,2956.9973,4375.507
1399,2933.764,4788.942
1400,4856.607,4835.642
1401,4735.1514,4952.842
1402,4736.999,4852.404
1403,5273.0312,4899.333
1404,4791.7954,4968.958
1405,4861.0728,4770.62
1406,4797.798,4494.9517
1407,4720.104,4728.085
1408,4469.1963,4925.619
1409,4511.4985,4536.483
1410,4880.987,4761.021
1411,4336.6895,4861.881
1412,4787.327,4767.6216
1413,4893.209,4856.779
1414,4788.362,5031.6787
1415,4993.982,4628.325
1416,4724.312,5194.067
1417,5177.62,4896.413
1418,5032.8945,4991.636
1419,4908.1504,4654.616
1420,4791.1436,5095.3228
1421,4923.8657,4838.4517
1422,4808.6426,4828.9287
1423,4806.6924,4780.267
1424,4788.1475,4943.661
1425,4831.8784,4916.517
1426,4813.116,4780.406
1427,4745.076,4834.706
1428,4811.3643,1540.9541
1429,1270.0907,4677.1123
1430,4913.3647,4748.825
1431,4735.118,4699.1875
1432,4878.5615,4833.43
1433,4702.28,4828.2656
1434,4782.5,4978.8184
1435,5010.3975,4738.643
1436,4878.15,4655.0903
1437,4620.997,4845.8867
1438,4784.9766,4750.3936
1439,4649.8037,4806.294
1440,4549.3867,4740.7734
1441,4959.6675,4376.0513
1442,4695.0386,4243.1226
1443,4704.3145,5087.398
1444,4941.711,4406.142
1445,2471.1348,4507.033
1446,4912.5806,5009.6045
1447,4875.686,5030.4297
1448,4884.108,5174.366
1449,5148.623,4245.6577
1450,4616.4185,4714.593
1451,4676.8804,4927.461
1452,5039.176,5099.3643
1453,5091.1685,5012.3994
1454,5076.405,4733.6357
1455,4715.162,4850.0327
1456,4689.29,4991.925
1457,4787.221,4180.4653
1458,4734.862,1559.5808
1459,1546.9248,4939.774
1460,4894.9404,4889.404
1461,4696.178,4828.3945
1462,4610.198,4626.3223
1463,4608.4033,4388.161
1464,4790.8657,3561.7644
1465,4938.2944,4208.051
1466,4709.6104,4950.8823
1467,300.77002,4977.712
1468,4901.254,5014.411
1469,4984.0537,4937.014
1470,4993.0674,4900.0244
1471,4886.3765,4524.4424
1472,4864.428,4895.301
1473,4318.283,4548.4194
1474,4838.596,4961.639
1475,4749.613,4928.172
1476,4886.689,1736.1111
1477,2832.0576,4972.9946
1478,4896.328,4263.9336
1479,4632.4478,4291.674
1480,4230.9824,4552.7017
1481,4703.8506,4678.2646
1482,4683.4985,4370.9297
1483,4443.6533,4342.509
1484,4615.8477,4700.822
1485,4606.163,4389.1196
1486,4605.5034,4992.6753
1487,4799.903,4681.31
1488,4615.431,5014.618
1489,4952.3403,4637.7114
1490,4706.248,5132.368
1491,5046.462,5253.45
1492,5169.4404,5212.517
1493,5077.4023,5092.96
1494,5129.0874,5135.8315
1495,4915.486,4796.345
1496,5193.079,4855.419
1497,4902.5137,4994.2153
1498,4911.501,5214.8545
1499,5021.8535,5225.495
1500,5078.393,5236.476
1501,5252.8154,5011.243
1502,3816.9114,4953.9487
1503,4806.402,5247.273
1504,5034.6187,4850.6523
1505,4932.0884,4742.782
1506,4907.255,4912.595
1507,4900.2466,4430.6865
1508,2849.6992,5026.4697
1509,4992.474,5103.34
1510,4928.828,5064.458
1511,5070.9937,5013.429
1512,5069.7905,5039.9824
1513,5015.2,4948.0864
1514,5097.939,4853.4614
1515,4717.277,4431.5576
1516,4410.0825,5073.28
1517,4885.188,4952.6846
1518,4900.0034,4131.7197
1519,1676.3059,3957.3438
1520,4810.0947,3440.7192
1521,3825.4316,4729.177
1522,4566.233,4645.161
1523,4470.697,4934.1157
1524,4817.179,4890.4233
1525,4482.785,4601.3096
1526,4811.201,4932.6714
1527,4666.6924,5117.175
1528,4987.7314,4982.44
1529,4864.15,5240.2373
1530,5260.963,5206.8594
1531,5174.2803,5023.6147
1532,4966.0215,4941.0034
1533,4813.552,5063.157
1534,5004.9487,5004.104
1535,4893.902,2880.2146
1536,4557.4814,5194.503
1537,4894.4985,4914.007
1538,4620.7163,5241.289
1539,5146.133,4965.538
1540,5075.8696,4594.718
1541,4639.7637,5135.354
1542,5127.272,4889.4053
1543,4847.1597,2655.8186
1544,4980.759,4965.465
1545,4868.4204,5160.635
1546,5102.0913,4977.546
1547,4994.7676,5053.1353
1548,4891.804,5147.6436
1549,5062.831,4960.71
1550,4971.6157,4825.3867
1551,4825.7905,4358.125
1552,4811.746,4900.425
1553,4807.0933,4062.9875
1554,4957.1143,1278.1166
1555,379.4978,897.37634
1556,1228.385,5049.4033
1557,346.46002,4978.5034
1558,5031.5303,5003.861
1559,4894.5215,5039.168
1560,4903.932,4976.327
1561,4981.48,3699.81
1562,4106.347,5025.5107
1563,5023.257,5099.7
1564,5055.328,4867.3057
1565,4969.9683,4606.1064
1566,4718.0435,4649.1235
1567,4805.325,4705.5464
1568,4886.272,5163.8213
1569,5094.0366,5140.202
1570,5138.9434,4085.2114
1571,4980.8564,3006.189
1572,4747.293,4694.0493
1573,5051.4233,5131.777
1574,5145.4873,5142.806
1575,5080.7217,4554.9194
1576,5038.117,4911.485
1577,4884.981,4899.5264
1578,4852.023,4990.965
1579,4962.438,4563.43
1580,5062.8296,3698.778
1581,5044.0625,4485.286
1582,5100.0566,4795.7935
1583,4806.644,5090.402
1584,2813.7268,5027.985
1585,5052.562,1750.1272
1586,2602.673,3423.0957
1587,4856.42,4576.6836
1588,4965.575,5036.7363
1589,5035.271,5184.3276
1590,5108.5796,5087.4453
1591,5069.2466,5015.618
1592,4835.1694,4973.699
1593,5010.4595,5178.678
1594,5123.1416,5094.6675
1595,5177.826,5007.2295
1596,4980.288,4984.1494
1597,4931.7275,4536.437
1598,5027.8647,5260.148
1599,5181.94,5188.7017
1600,5198.8975,5033.205
1601,4999.178,5095.7676
1602,5117.216,2502.7778
1603,4914.0654,1009.37683
1604,1069.6248,5022.343
1605,5019.7544,1086.1051
1606,126.42234,5029.469
1607,4963.1484,4511.093
1608,4996.3945,5226.534
1609,5004.7964,4997.9365
1610,5160.98,4793.674
1611,5054.661,4848.185
1612,5099.9,4992.9805
1613,4872.3184,5027.2314
1614,5072.5283,4562.368
1615,4955.0195,4655.497
1616,4724.244,4905.1377
1617,4791.519,4782.2817
1618,4985.02,4703.591
1619,2585.1038,4781.1035
1620,4811.686,4500.7705
1621,4729.3374,4275.366
1622,4908.0635,4526.6357
1623,4878.747,4816.491
1624,4716.5864,4884.325
1625,4841.4287,4658.6567
1626,4833.204,4930.217
1627,4780.0234,5053.479
1628,4984.9424,4660.143
1629,4941.399,5030.802
1630,4798.2754,4803.63
1631,5021.0166,5020.1846
1632,4937.0674,4762.3477
1633,5009.144,4702.462
1634,4877.6865,4754.939
1635,4740.8403,5161.849
1636,4867.541,5030.9546
1637,5090.4966,5049.112
1638,5071.4263,4869.956
1639,5005.0264,4848.1147
1640,4833.525,4703.7314
1641,4897.1597,4402.024
1642,4762.3345,5013.1006
1643,4937.363,4758.862
1644,4967.835,4859.227
1645,4927.4097,4983.862
1646,4797.7935,4959.177
1647,4968.1416,4969.134
1648,4988.083,3865.0083
1649,5093.2456,4973.642
1650,4893.455,4980.488
1651,4911.464,4894.8115
1652,5022.635,4964.246
1653,4819.2046,5017.634
1654,5011.774,4723.8267
1655,4951.9775,5004.8633
1656,4835.6733,4728.1807
1657,4884.157,4884.4478
1658,4780.0825,4753.4766
1659,4790.7256,4933.636
1660,4784.048,4876.199
1661,4889.0977,4931.6924
1662,4878.2026,4878.362
1663,4805.752,4775.803
1664,4652.8833,4970.0977
1665,4868.512,4947.4204
1666,4944.328,4973.1226
1667,4925.645,5043.539
1668,5010.874,4800.944
1669,2687.1074,4846.8984
1670,4926.6606,4822.0366
1671,4848.3774,4977.0557
1672,4935.9014,4929.993
1673,4981.7466,4968.7837
1674,4945.1562,4721.7197
1675,4877.476,4948.0264
1676,4777.5015,5031.913
1677,4937.8286,4903.053
1678,4960.0195,4867.2725
1679,4847.728,4951.233
1680,4924.9927,5073.882
1681,2485.125,2025.1475
1682,4863.9585,5195.2017
1683,5110.6924,4857.0303
1684,4953.7905,5084.403
1685,4934.23,4995.985
1686,4924.1084,5060.7275
1687,5003.8716,4113.865
1688,4998.213,5130.9463
1689,5053.3237,4995.2607
1690,4993.6587,3016.7468
1691,2597.17,4872.5674
1692,4867.3027,4121.983
1693,4723.006,5033.1025
1694,4968.8633,5048.633
1695,4996.6196,3422.0688
1696,2546.8838,5149.2363
1697,5157.3633,5100.957
1698,5158.8125,4673.785
1699,5015.8228,5090.1245
1700,5067.117,5074.689
1701,5059.931,5203.1724
1702,5120.8467,4960.9224
1703,5085.5464,5088.2354
1704,5052.783,4937.6216
1705,4841.108,5035.08
1706,4949.162,3091.5215
1707,5056.7495,4629.5435
1708,4691.698,4775.9453
1709,4728.7173,4433.5815
1710,4697.1777,4266.91
1711,4702.769,4769.717
1712,4682.27,4921.328
1713,4881.056,4802.0176
1714,4854.5493,4891.975
1715,4807.908,4759.9585
1716,4910.856,4959.4033
1717,4904.9814,4878.733
1718,4825.5527,4189.2266
1719,4661.7197,4845.052
1720,4830.135,4833.4355
1721,4857.1333,4729.5522
1722,4771.224,4765.2036
1723,4771.101,4913.248
1724,4872.291,4805.5796
1725,5100.4805,4598.8447
1726,4685.904,2796.4155
1727,4340.402,4978.9443
1728,4893.859,5030.8135
1729,5038.593,5086.5
1730,5087.913,4975.936
1731,4965.257,1750.4977
1732,5036.932,4524.419
1733,4896.6484,5137.7256
1734,5045.368,4934.5596
1735,4942.952,4972.902
1736,4923.2505,4935.5054
1737,4936.729,4910.225
1738,4903.403,4954.2217
1739,4888.04,4553.7476
1740,4895.418,3900.8308
1741,5101.3643,4904.3804
1742,4959.809,5041.165
1743,4967.683,5135.0117
1744,5084.443,5135.7246
1745,5066.346,4133.3374
1746,5032.9175,5131.7007
1747,5108.22,5194.329
1748,5140.2446,5183.364
1749,5127.551,5050.915
1750,5012.573,5171.8564
1751,5130.0063,5050.9727
1752,5045.5645,4987.022
1753,5060.511,5148.288
1754,5076.214,5120.4775
1755,5105.573,4999.386
1756,5015.5273,4820.657
1757,4877.33,4893.412
1758,4916.709,5077.406
1759,5033.3184,4571.259
1760,5088.143,5004.1865
1761,5041.172,5061.3887
1762,5040.044,5153.643
1763,5115.447,5043.2627
1764,5026.147,5221.6567
1765,5008.526,5154.368
1766,4935.599,5196.923
1767,5155.723,5069.9585
1768,5096.848,5102.4556
1769,5037.5693,5169.462
1770,5100.914,5035.38
1771,5072.6846,5078.3506
1772,5049.827,5126.4175
1773,4983.288,5188.033
1774,5190.368,5036.1665
1775,5112.5444,4991.3164
1776,5034.6797,5165.326
1777,5055.976,5202.6055
1778,5057.661,4955.8667
1779,4992.5684,4936.786
1780,4950.134,5083.2754
1781,5055.344,5132.5166
1782,5148.4067,5053.2905
1783,5019.6445,5081.342
1784,5066.6406,5096.767
1785,5097.7437,5120.014
1786,5141.9585,5118.639
1787,5196.672,5103.5337
1788,5167.1323,5199.003
1789,5186.0645,5095.541
1790,5093.077,5086.456
1791,5133.4473,5065.9307
1792,5299.4663,5325.497
1793,5071.523,4085.2786
1794,1899.6407,5053.884
1795,251.76744,5041.646
1796,5076.142,5091.8
1797,5103.1846,5230.1157
1798,5070.2827,5121.0923
1799,5172.385,5255.4624
1800,5117.677,5113.319
1801,5279.2637,5163.3477
1802,5058.4272,5266.6
1803,5097.0156,5326.1904
1804,5281.495,5171.9873
1805,5309.249,5271.9297
1806,5259.918,5183.3115
1807,5206.8906,2067.54
1808,5166.642,4996.344
1809,5131.021,5099.769
1810,4989.2896,5248.257
1811,5107.9014,5170.8013
1812,5220.5293,5228.1084
1813,5119.496,4897.3633
1814,5237.379,5101.827
1815,5042.047,5091.222
1816,5072.981,4990.5146
1817,5046.6934,5162.425
1818,4977.352,5145.0303
1819,5124.5923,5223.896
1820,5103.019,5297.297
1821,5229.744,5237.812
1822,5226.9116,5152.6577
1823,5217.277,5156.049
1824,5141.0835,5130.367
1825,5138.687,4949.7925
1826,5136.5776,214.94417
1827,542.8825,5077.636
1828,5011.523,5230.642
1829,5198.305,5257.96
1830,5287.9727,5087.633
1831,5057.069,5179.2036
1832,5124.025,4610.7847
1833,5187.597,4941.798
1834,4945.3594,5199.6963
1835,5127.2256,5101.445
1836,5043.585,5167.048
1837,5120.86,5142.6807
1838,5090.7656,5094.1836
1839,5068.0337,5076.3955
1840,5026.824,5044.669
1841,5045.0415,5192.8594
1842,5137.896,5140.003
1843,5110.5083,5103.829
1844,5041.518,5190.791
1845,5153.126,5039.151
1846,4956.505,5052.9873
1847,5045.017,5213.542
1848,5147.6265,5133.728
1849,5134.1567,5163.634
1850,5141.2285,5305.05
1851,5240.5947,4323.816
1852,5241.5786,5211.8975
1853,5236.095,5241.59
1854,5221.6543,5371.0957
1855,5314.127,5191.053
1856,5173.9004,5280.405
1857,5235.248,4805.3477
1858,5196.229,5316.963
1859,5302.9053,5312.025
1860,5154.776,5290.6533
1861,5218.2905,3795.0962
1862,5144.867,5301.667
1863,5264.0664,4226.3154
1864,4970.165,5184.929
1865,5126.4043,5258.1226
1866,5248.1426,1503.8324
1867,1559.2009,5236.243
1868,5168.9927,5140.8506
1869,5152.114,5203.972
1870,5149.2217,4800.4326
1871,5167.143,4106.1836
1872,5218.6387,5178.574
1873,5214.0366,5098.9126
1874,5170.207,5126.433
1875,5162.169,3854.393
1876,5273.4155,5240.4746
1877,5148.747,5241.573
1878,5212.8745,5237.1875
1879,5134.7637,5246.754
1880,5197.2446,4763.322
1881,5180.889,5162.7812
1882,5113.9014,5236.3164
1883,5151.6973,1993.5647
1884,3247.317,5216.4927
1885,5158.938,1350.0847
1886,1995.8042,5197.73
1887,5110.7505,4562.1035
1888,5004.4355,5199.0923
1889,5131.3374,5374.8643
1890,5253.5225,5244.063
1891,5220.242,5107.6094
1892,4976.4946,5140.7036
1893,5059.4243,5333.1084
1894,5133.5425,5170.632
1895,5100.584,5127.3657
1896,5041.0464,929.2694
1897,976.30273,5237.4053
1898,5158.173,4837.1416
1899,5231.0464,4814.63
1900,2849.0164,4561.604
1901,4996.6514,4565.754
1902,4979.5435,4056.3726
1903,5007.9814,5322.005
1904,663.42883,5195.442
1905,5219.902,5303.784
1906,5164.096,5260.7104
1907,5199.2314,4828.371
1908,5065.874,4174.4854
1909,2620.2322,5233.002
1910,5140.633,5268.344
1911,5155.3853,5231.7017
1912,5145.046,5232.253
1913,5071.645,4729.5864
1914,5235.839,5221.4995
1915,5069.9385,5240.6553
1916,5137.564,2232.9497
1917,3300.1086,5138.539
1918,2899.7642,5237.032
1919,5103.99,5206.031
1920,5215.686,4182.2046
1921,1889.9027,5314.718
1922,5201.4297,2792.5056
1923,5001.443,3660.6387
1924,5237.7007,1809.4391
1925,5152.5757,5160.5557
1926,2724.004,2003.4294
1927,5167.922,4785.2812
1928,4764.0117,5003.9067
1929,4791.342,4646.3037
1930,5024.192,5237.194
1931,5116.703,4570.005
1932,5142.672,4569.1143
1933,4959.787,5176.128
1934,5079.054,2607.0493
1935,1116.9003,5327.948
1936,5245.383,5216.828
1937,5193.832,5249.5986
1938,5151.616,2280.3687
1939,5188.7754,5186.304
1940,5169.938,5160.6055
1941,5116.958,5311.954
1942,5198.4336,77.033005
1943,1380.7634,5386.19
1944,5091.5244,5300.351
1945,5306.515,5283.088
1946,5218.145,5297.671
1947,5193.04,5329.6978
1948,5237.5244,5300.286
1949,5251.257,5304.651
1950,5207.5513,5308.2485
1951,5241.23,5281.2915
1952,5272.698,5213.1865
1953,5093.7275,5267.853
1954,5027.1606,5318.564
1955,5232.094,5004.829
1956,5043.9766,5157.9263
1957,4977.3096,5233.2627
1958,5179.449,5136.6104
1959,5074.3228,5219.622
1960,5133.894,5085.1533
1961,4741.9863,5236.2573
1962,5130.649,5134.177
1963,5120.0737,5175.276
1964,5111.4077,5344.952
1965,5248.5674,5184.3906
1966,5217.5146,5339.1484
1967,5213.1255,5315.648
1968,5256.9756,5279.7646
1969,5237.9473,5199.5957
1970,5201.5156,5264.0938
1971,5231.7725,5246.613
1972,5195.055,5370.988
1973,5317.4595,5289.4565
1974,5280.3535,5251.4585
1975,5163.9775,5175.184
1976,5237.632,5198.6885
1977,5178.3223,5290.875
1978,5223.838,5206.953
1979,5139.7334,5276.409
1980,5199.7363,5278.5264
1981,5212.5947,5345.058
1982,5211.209,5254.1714
1983,5304.7856,5246.073
1984,5177.4717,5218.6055
1985,5184.903,5212.942
1986,5170.889,5234.295
1987,5154.021,5110.1055
1988,5131.031,5190.0405
1989,5162.637,5119.0444
1990,5137.7026,5026.0654
1991,5046.671,5207.285
1992,5115.425,5339.9663
1993,5229.326,5301.757
1994,5217.512,5271.346
1995,5238.8296,5196.884
1996,5266.9126,1658.7266
1997,1488.4673,5398.765
1998,5412.0854,5296.368
1999,5327.633,5295.7393
2000,5255.93,5288.24
2001,5232.379,1576.621
2002,4275.0337,5315.324
2003,5187.8257,5130.523
2004,5166.205,5155.7393
2005,5125.4746,5338.9014
2006,5196.036,2555.0317
2007,5282.221,5311.7734
2008,5161.677,5276.9663
2009,5270.813,5202.8564
2010,5203.2534,5337.068
2011,5158.279,5344.975
2012,5274.3647,5375.781
2013,5227.6304,4827.73
2014,3219.5566,5261.3525
2015,5285.1763,5241.3965
2016,5160.458,5229.297
2017,5218.6895,5256.422
2018,5210.3184,5327.3223
2019,5207.8984,5401.3564
2020,5281.1567,5202.782
2021,5234.1685,5178.1934
2022,5178.8477,3822.9468
2023,5190.7847,5129.5103
2024,5246.321,5109.1016
2025,5122.1377,4747.4346
2026,5181.5044,4243.443
2027,3193.7126,5057.961
2028,5129.966,5269.9146
2029,5234.9766,3208.754
2030,2793.9907,5096.8154
2031,5043.017,4996.6787
2032,5200.576,5092.21
2033,5088.827,5204.8975
2034,5159.3325,5187.852
2035,5141.398,5248.6772
2036,5219.109,5130.1313
2037,5164.778,5261.48
2038,5217.2603,5183.6963
2039,5197.3623,5236.79
2040,5068.983,5243.1084
2041,5138.9897,5229.021
2042,5184.6294,5187.8867
2043,5160.1113,5268.176
2044,5208.06,5185.1943
2045,5216.529,5146.479
2046,5142.019,5175.5186
2047,5127.826,5130.772
2048,5100.263,5075.482
2049,5088.4746,5171.143
2050,5102.104,5334.567
2051,5287.2266,5188.3467
2052,5241.838,5365.572
2053,5230.722,5134.827
2054,5181.0435,5395.851
2055,5330.997,5230.1685
2056,5224.553,4364.8076
2057,4299.928,5197.0244
2058,5115.125,5085.8584
2059,5026.1357,5254.7393
2060,5098.7886,5283.503
2061,5180.2993,5194.9634
2062,5153.716,5202.197
2063,5085.574,5318.419
2064,5143.9746,5299.6357
2065,5283.3276,5245.9985
2066,5218.198,5182.578
2067,5245.078,5204.7163
2068,5029.8345,5292.923
2069,5242.84,5324.1055
2070,5259.668,5280.1704
2071,5351.8643,5422.1143
2072,5205.2725,5383.2876
2073,5365.692,5238.521
2074,5303.2554,5156.4077
2075,5094.313,5143.231
2076,5057.59,5267.396
2077,5165.1733,5127.8193
2078,5206.3203,5335.829
2079,5198.0825,5230.8086
2080,5181.003,5104.3276
2081,5149.124,5335.255
2082,5251.2876,5298.8896
2083,5297.445,5233.893
2084,5258.6753,5352.089
2085,5239.1294,5386.559
2086,5325.1753,5158.972
2087,5300.8623,4721.916
2088,4945.7686,5333.276
2089,5152.6265,5408.2017
2090,5328.4976,5267.113
2091,5096.3223,5365.978
2092,5350.703,5321.4033
2093,5361.621,5254.768
2094,5199.214,5423.675
2095,5302.283,5365.8467
2096,5379.0864,1143.6547
2097,1659.593,5234.7334
2098,5303.6143,5423.7236
2099,5387.73,5389.553
2100,5341.459,5445.456
2101,5332.653,5346.817
2102,5320.965,5403.506
2103,5288.524,5261.1514
2104,5237.7935,1749.8119
2105,3382.7039,5455.219
2106,5258.7163,5358.375
2107,5362.9404,5276.21
2108,5227.1177,5297.231
2109,5254.7637,5479.548
2110,5330.934,5178.1113
2111,5392.9424,4490.785
2112,5453.8413,3231.834
2113,5336.133,5260.376
2114,5015.0586,5479.1455
2115,5308.6934,5103.863
2116,5338.699,5431.1924
2117,5188.895,3957.4368
2118,5192.9663,3250.8464
2119,1774.9657,5353.898
2120,4932.1626,5358.8984
2121,5193.807,5509.8086
2122,5393.8096,5396.912
2123,5418.3496,5185.0874
2124,4338.1396,5352.212
2125,5313.4287,2547.9937
2126,3385.7913,5517.8477
2127,5363.975,1395.4965
2128,2765.1316,5675.7163
2129,5568.4707,5240.746
2130,5309.374,5397.9326
2131,5342.1045,5542.996
2132,5406.6743,5318.378
2133,5298.385,5327.46
2134,5297.0645,5257.901
2135,5269.987,5410.3096
2136,5316.383,5433.991
2137,5380.4414,5416.5923
2138,5317.167,4796.708
2139,5426.9404,5458.253
2140,5381.1553,4689.9204
2141,5319.313,5392.286
2142,5287.829,5426.8823
2143,5291.869,5493.937
2144,5353.038,5396.613
2145,5321.5767,4285.7593
2146,5310.962,4079.8184
2147,5442.6235,5264.9546
2148,5174.9185,1805.8596
2149,1971.2749,5229.2803
2150,5259.397,5264.2607
2151,5058.3457,5292.166
2152,5205.9473,2721.4185
2153,3186.295,5416.8916
2154,5379.3765,5137.516
2155,5393.1777,4852.075
2156,5230.3755,5367.4233
2157,5408.207,5472.404
2158,5332.1455,2283.4229
2159,5265.574,4622.0425
2160,5216.3687,5178.4717
2161,5253.4634,4222.087
2162,5055.9683,4782.9375
2163,5062.9316,5351.254
2164,5153.35,1651.0254
2165,5311.8706,5035.2744
2166,5204.7637,5386.118
2167,5029.8706,2018.3014
2168,4230.2393,5382.372
2169,5208.2935,5295.384
2170,5350.0347,5426.132
2171,5209.8,4405.38
2172,5336.447,5297.3203
2173,5199.9644,5518.052
2174,5253.1816,2766.858
2175,5368.541,5298.4385
2176,5395.071,5471.202
2177,5258.5996,5505.6914
2178,5450.0806,3056.511
2179,4429.9546,3292.586
2180,5368.3213,4706.1187
2181,5447.056,5313.417
2182,5002.838,4704.034
2183,5161.5635,5257.8447
2184,5130.6714,5382.439
2185,5254.61,4925.52
2186,4899.5786,5217.502
2187,5059.407,3030.984
2188,2608.4312,2528.018
2189,5159.065,4225.679
2190,5300.4673,4562.6753
2191,5375.338,4794.718
2192,3102.7432,4997.754
2193,3875.5076,2742.2798
2194,3523.5356,5111.0283
2195,5090.491,5294.5166
2196,5029.514,5199.823
2197,5148.8647,4695.676
2198,5161.7,5206.1455
2199,5254.207,5094.7393
2200,5039.78,2731.0134
2201,2391.1704,2133.1206
2202,5294.8774,5074.794
2203,5248.53,2127.4138
2204,5021.2974,4968.175
2205,5338.293,5426.0327
2206,5155.6826,2273.9104
2207,2631.0894,5519.423
2208,5370.75,5560.374
2209,5490.2607,2064.8574
2210,4878.5493,4654.7495
2211,5444.2754,5437.7544
2212,5321.2197,5456.5547
2213,5414.899,5526.9653
2214,5400.975,5516.7295
2215,5417.4634,5048.8896
2216,5243.088,2297.1147
2217,2614.1477,4956.382
2218,5293.36,5420.284
2219,5294.157,5446.094
2220,5485.9297,2200.6323
2221,1655.255,5252.709
2222,5030.7705,4195.232
2223,5262.619,4480.978
2224,5237.0454,3786.9622
2225,5244.775,3991.477
2226,5058.5283,4667.228
2227,4999.264,4986.184
2228,5020.354,5107.0405
2229,5093.379,1583.2223
2230,1643.5771,5183.8076
2231,5054.0283,5274.0635
2232,5072.929,1178.1212
2233,1931.3116,3359.246
2234,4949.58,5273.223
2235,5226.925,5237.421
2236,5139.386,5114.3604
2237,5030.3945,3593.6367
2238,5255.144,5367.5996
2239,5430.361,5071.198
2240,3214.1887,5420.559
2241,5339.885,5145.868
2242,2241.6729,5194.2666
2243,5168.724,5270.1353
2244,5240.831,5495.751
2245,5312.0005,5313.719
2246,5356.7256,5331.631
2247,5271.26,5443.4443
2248,5271.9116,5136.8994
2249,5325.6826,2018.5061
2250,3955.1277,5074.826
2251,5116.906,5290.94
2252,5185.9097,4753.806
2253,5380.0117,5221.801
2254,5284.688,5128.333
2255,5200.5303,2362.7427
2256,3121.1885,1796.3896
2257,2343.5994,4386.61
2258,5358.977,1182.3303
2259,1715.389,4284.944
2260,5246.8066,5017.7354
2261,4922.855,4725.9434
2262,5383.08,5623.759
2263,5526.985,4827.925
2264,5458.073,5459.001
2265,5379.523,5442.4546
2266,5388.4023,5153.8823
2267,5233.6934,5528.329
2268,5385.2095,5500.712
2269,5317.771,5559.63
2270,5448.518,2005.1416
2271,2715.1472,4932.876
2272,3811.5906,5171.197
2273,5235.345,5496.433
2274,5268.462,5521.921
2275,5419.706,5400.0825
2276,5439.568,2574.2312
2277,4287.54,4863.5415
2278,5347.8145,4651.931
2279,5295.1235,4142.3228
2280,5439.521,5283.367
2281,5350.5176,5313.484
2282,5250.1045,5262.948
2283,5239.8984,5244.801
2284,5302.0083,5315.0967
2285,5177.0986,5407.232
2286,5304.5815,5530.6953
2287,5394.655,5549.5376
2288,5415.291,5499.298
2289,5441.2754,5501.0723
2290,5389.3687,5555.6274
2291,5436.834,5324.7437
2292,5317.121,5443.6294
2293,5360.1807,5401.357
2294,5271.1763,4260.895
2295,5317.116,5504.6914
2296,5494.1846,5552.1206
2297,3197.6982,5548.1396
2298,5325.843,5396.1196
2299,5363.3813,5682.257
2300,5363.774,5456.3633
2301,5616.1836,5350.676
2302,5413.3696,5325.3213
2303,5337.199,5068.1704
2304,2276.0132,5253.2974
2305,5098.76,5440.632
2306,5272.315,4605.3833
2307,5213.8657,3153.5803
2308,1719.6055,4300.689
2309,5126.4507,5426.0234
2310,5339.287,4772.72
2311,5343.1284,5190.6978
2312,5217.5225,4777.4937
2313,5234.2573,5302.3716
2314,5279.0977,5341.6523
2315,5210.0776,5456.1123
2316,5380.132,5625.882
2317,5408.847,5562.091
2318,5456.0977,4789.6094
2319,5245.9053,5531.884
2320,5254.2236,5473.4316
2321,5269.3574,5583.7354
2322,5450.0645,5348.421
2323,5451.353,5023.8193
2324,5377.679,5409.4507
2325,5419.105,5376.5034
2326,5328.9053,5417.8447
2327,5285.5137,5403.384
2328,5285.9756,5420.2954
2329,5357.5063,5343.4717
2330,5335.72,4960.6436
2331,5312.7817,5644.354
2332,5360.5576,5360.192
2333,5440.3906,5498.6025
2334,5325.5747,5420.6353
2335,5407.896,5379.246
2336,5301.7476,5255.7744
2337,5189.5767,5411.3516
2338,5210.1235,5491.6562
2339,5327.571,5500.45
2340,5403.4824,5555.5283
2341,5429.847,5430.892
2342,5346.2485,5308.286
2343,5283.6934,5548.0957
2344,5218.688,5511.106
2345,5122.5356,5245.3525
2346,5290.374,5222.4995
2347,5156.8496,5451.497
2348,5238.806,5431.5186
2349,5347.498,5455.254
2350,5324.269,5331.919
2351,5269.857,5390.199
2352,5269.7354,5510.729
2353,5375.1143,5395.5454
2354,5376.7866,5470.6206
2355,5351.9053,5330.717
2356,5352.7217,5369.9316
2357,5261.5034,5421.9873
2358,5277.834,5429.396
2359,5302.0483,5226.627
2360,5315.094,5519.7695
2361,5300.073,5469.4106
2362,5375.731,5387.872
2363,5310.9507,5408.0547
2364,5289.5605,5341.789
2365,5325.9272,5483.116
2366,5306.3613,5524.359
2367,5361.065,5553.591
2368,5477.07,5522.2065
2369,5404.624,5397.138
2370,5363.6494,5540.597
2371,5405.835,5371.2407
2372,5402.329,3997.9292
2373,5361.2373,5419.769
2374,5409.758,5231.449
2375,5336.7285,5302.093
2376,5149.51,5499.518
2377,5272.2563,5426.7656
2378,5375.1826,5575.1616
2379,5307.442,5472.865
2380,5398.4336,5651.631
2381,5357.4043,5445.6772
2382,5517.82,5101.628
2383,5301.0225,5496.3994
2384,5213.313,5497.577
2385,5458.5684,5476.8706
2386,5384.9023,5579.932
2387,5404.5093,5594.2695
2388,5412.5938,5478.339
2389,5376.1367,3908.2983
2390,5342.5195,5478.7124
2391,5241.264,5624.843
2392,5232.4473,5478.1904
2393,5507.7173,5536.7217
2394,5378.7344,5561.1816
2395,5437.4766,5026.669
2396,5245.1157,5317.0776
2397,5201.642,5263.323
2398,5259.8765,5309.546
2399,5265.046,5469.4033
2400,5288.0903,5628.875
2401,5442.846,5483.5186
2402,5463.738,5477.697
2403,4781.303,5492.081
2404,5291.4165,5350.5054
2405,5308.3115,5453.937
2406,5313.4424,5413.403
2407,5306.602,5601.137
2408,5268.7734,5502.985
2409,5354.247,5606.2666
2410,5390.0684,5582.4067
2411,5366.5083,5476.435
2412,5459.359,5417.2627
2413,5360.7134,5589.766
2414,5390.9487,5478.993
2415,5428.9443,5565.878
2416,5386.607,5483.925
2417,5277.3315,5467.7446
2418,5348.1167,5328.5166
2419,5357.183,5419.5225
2420,5356.571,5363.8853
2421,5302.126,5353.409
2422,5234.004,5585.5513
2423,5200.9673,5409.116
2424,5353.2383,2894.548
2425,5257.072,5598.608
2426,5356.6494,5590.965
2427,5464.426,2276.072
2428,5356.0576,5429.508
2429,5318.91,5527.8047
2430,5299.418,5449.956
2431,5214.214,5567.0425
2432,5385.9585,5479.428
2433,5488.0435,5453.588
2434,5403.356,5384.694
2435,5458.783,5568.744
2436,5348.448,5419.3994
2437,5414.4014,5516.6484
2438,5394.1694,2586.3455
2439,5358.729,5477.5947
2440,5324.724,3337.164
2441,2704.191,5221.3696
2442,5322.2827,5441.8906
2443,5210.154,5472.171
2444,5412.415,5388.331
2445,5333.876,5607.7803
2446,5361.75,5498.462
2447,5457.3853,5506.1943
2448,5380.181,5346.556
2449,5420.275,3668.9468
2450,5399.7573,5542.783
2451,5396.745,5507.408
2452,5458.22,5387.754
2453,5265.041,4448.615
2454,5292.799,5329.072
2455,5362.5815,3727.5027
2456,5209.4497,5374.4263
2457,5350.784,5298.1157
2458,5185.6157,5513.0215
2459,5275.9233,5498.991
2460,5383.9307,4370.87
2461,2773.2312,4843.594
2462,5326.3296,5431.2646
2463,5222.169,2110.184
2464,2454.2249,5242.2407
2465,5182.3784,5504.494
2466,5357.993,5419.1807
2467,5331.989,5142.0205
2468,5340.7837,4984.6313
2469,5175.841,5467.4033
2470,5268.3125,5285.04
2471,5217.983,3594.7852
2472,5112.552,5218.0137
2473,5148.398,5087.4253
2474,5277.217,4828.5596
2475,5263.799,4174.7046
2476,5207.243,2304.5842
2477,5225.427,2619.217
2478,4669.478,4167.6455
2479,5362.7686,5274.415
2480,5309.217,1859.418
2481,2338.7505,4504.616
2482,5206.278,5188.1553
2483,5241.3667,5123.9355
2484,5325.115,5253.6646
2485,5166.3804,5410.005
2486,5328.887,5504.776
2487,5355.1562,3266.2612
2488,2870.732,5352.497
2489,5354.326,5403.692
2490,5256.3706,5367.826
2491,5332.3564,5395.0356
2492,5359.7446,2884.1592
2493,2754.9749,2900.978
2494,5337.512,5224.362
2495,5363.037,5354.059
2496,5187.3237,5253.2607
2497,5278.921,5321.5938
2498,5242.6704,3068.9983
2499,4023.1138,5249.887
2500,5212.2383,5200.5327
2501,5112.3813,5508.292
2502,5422.5947,5474.104
2503,5405.659,5282.671
2504,5267.7456,5389.047
2505,5402.095,5242.163
2506,5244.291,5376.622
2507,5400.652,5116.248
2508,5181.015,5304.2676
2509,5362.5835,5065.146
2510,5297.074,4624.3486
2511,5230.5894,4911.164
2512,5217.43,3348.1335
2513,5209.8027,2546.87
2514,5360.73,4050.891
2515,5344.905,4878.9365
2516,5236.9595,5015.876
2517,5096.363,2450.884
2518,2611.8618,5279.0186
2519,5238.4263,5174.679
2520,5119.495,2228.502
2521,2441.8096,5308.2334
2522,5334.9863,2261.0442
2523,4037.1724,3690.2727
2524,5075.9014,5321.827
2525,5389.8794,5480.085
2526,5487.981,5187.4053
2527,5167.0615,5033.2866
2528,5056.2017,5267.708
2529,5260.954,4672.366
2530,5117.3843,5319.1743
2531,5213.501,5213.8735
2532,5216.709,4319.0166
2533,5312.7485,2451.4302
2534,1429.9575,3908.0278
2535,5448.5103,2171.7551
2536,3698.7163,5241.8853
2537,5158.1094,4824.789
2538,5280.21,5496.4346
2539,5330.647,4037.311
2540,5210.757,5260.7163
2541,5218.325,4862.1504
2542,5049.2476,5257.18
2543,5282.532,5213.177
2544,5195.734,4265.157
2545,5199.718,3107.882
2546,1910.1309,5444.7236
2547,5364.867,5439.204
2548,5387.132,5538.025
2549,5465.5034,5270.733
2550,5197.8135,5328.839
2551,5414.788,5391.082
2552,5268.71,4771.2354
2553,5455.1816,5473.8374
2554,5339.51,5298.88
2555,5284.8906,5493.62
2556,5442.518,5415.3867
2557,5397.5576,5396.2734
2558,5181.621,5412.7295
2559,5422.0347,5443.5103
2560,5309.795,5328.039
2561,5247.1567,847.8571
2562,953.53455,5370.355
2563,5150.421,5291.5625
2564,5328.9014,4808.255
2565,5407.0176,5485.2085
2566,5463.813,3954.8237
2567,5390.533,5302.468
2568,5278.606,5464.202
2569,5313.467,5411.235
2570,5453.6196,5438.9976
2571,5331.7905,5460.467
2572,5422.8423,5279.825
2573,5245.663,5157.7744
2574,5137.435,5474.6914
2575,5346.615,5461.4614
2576,5443.0938,5456.912
2577,5396.4824,5412.9404
2578,5404.041,5410.5195
2579,5377.435,5477.9614
2580,5402.821,5431.2334
2581,5335.3896,4533.18
2582,5349.779,5246.6436
2583,5212.161,5489.48
2584,5358.233,5385.327
2585,5383.8535,5397.4766
2586,5335.979,5485.0996
2587,5287.307,4964.9834
2588,5478.415,5473.9756
2589,5400.5815,5393.096
2590,5351.813,5380.5103
2591,5307.258,5490.1553
2592,5355.7437,5420.7456
2593,5322.1597,5331.8643
2594,5158.7227,5309.879
2595,5173.4966,5514.189
2596,5423.567,5549.543
2597,5514.1436,5282.2373
2598,5414.8945,5411.6025
2599,5213.8438,5394.956
2600,5443.458,5332.0615
2601,5220.929,5384.905
2602,5312.242,5304.901
2603,5337.047,5476.2437
2604,5458.0913,5473.641
2605,5373.197,5380.39
2606,5418.3457,5496.3364
2607,5320.1606,5497.831
2608,5452.446,5379.797
2609,5323.8784,5492.7637
2610,5350.8374,5264.703
2611,5274.766,5402.502
2612,5334.3716,5271.1904
2613,5214.943,5599.866
2614,5489.275,5368.977
2615,5184.4316,5246.4966
2616,5282.9443,5362.948
2617,5347.7734,5501.4546
2618,5418.558,5398.945
2619,5358.5566,5430.9985
2620,5339.6577,5346.121
2621,5330.607,5490.839
2622,5473.031,5488.135
2623,5087.3125,5588.133
2624,5539.767,5441.0923
2625,5388.225,5668.788
2626,5504.173,5580.798
2627,5549.7646,5440.2935
2628,5406.942,5465.177
2629,5223.9365,5431.7593
2630,5354.421,5394.667
2631,5405.537,5586.8813
2632,5570.393,5651.5117
2633,5515.7515,4462.7095
2634,5407.5166,5143.7144
2635,5194.529,5243.127
2636,5303.194,5547.798
2637,5379.62,5534.155
2638,5496.5654,5376.0264
2639,5344.7876,5472.846
2640,5493.2485,5451.0845
2641,5254.988,5534.596
2642,5435.8594,5475.3545
2643,5413.276,5433.5503
2644,5454.602,5346.98
2645,5276.742,5626.2705
2646,5511.629,5375.3423
2647,5249.5186,5478.3833
2648,5306.965,2476.43
2649,5302.839,5549.8545
2650,5252.711,5363.791
2651,5385.791,5560.906
2652,5438.314,5565.6406
2653,5536.539,5490.372
2654,5442.7397,4830.327
2655,5266.9272,5327.335
2656,5396.251,5351.6567
2657,5287.379,5498.29
2658,5443.458,5515.2446
2659,5397.6484,4567.3384
2660,5411.0635,5567.757
2661,5482.085,5498.003
2662,5420.671,5426.35
2663,5363.6836,5422.887
2664,5335.244,5374.292
2665,5296.741,5593.7837
2666,5452.822,5515.4033
2667,5522.002,5439.0537
2668,5469.18,5143.5547
2669,5411.884,5484.903
2670,5508.1885,5520.698
2671,5408.7334,5292.5264
2672,5336.5415,5358.802
2673,5270.847,4756.7373
2674,5392.0347,5645.1484
2675,5557.1387,3888.4453
2676,5460.287,5411.7925
2677,5327.4565,5518.675
2678,5495.329,5396.782
2679,5337.877,5242.8125
2680,5215.0464,5452.941
2681,5279.458,5461.355
2682,5387.267,3991.6714
2683,5300.9395,5340.3623
2684,5336.2676,5493.265
2685,5518.698,5378.1816
2686,5295.606,5273.737
2687,5137.1206,5197.9
2688,5234.688,4974.088
2689,5240.3784,5363.3057
2690,5290.7563,5357.7974
2691,5261.6763,5441.067
2692,5412.102,5383.9365
2693,5325.0903,4843.0303
2694,5426.0264,5166.671
2695,5041.235,5604.993
2696,5409.4023,5374.7515
2697,5447.4062,5272.087
2698,5186.6533,5457.673
2699,5363.095,5237.0547
2700,5359.143,5470.5815
2701,5521.519,5259.896
2702,5398.22,5028.1436
2703,5067.1064,5521.645
2704,5355.6157,5398.413
2705,5374.104,5471.1504
2706,5345.23,3939.1296
2707,5458.02,5429.6064
2708,5345.619,5391.6753
2709,5247.086,5429.1865
2710,5298.9326,4907.713
2711,5369.0864,-4.9579573
2712,180.95738,5463.7607
2713,5344.006,5478.5586
2714,5441.3145,5410.323
2715,5279.8257,5426.6924
2716,5247.703,5433.1035
2717,5371.665,5319.454
2718,5255.173,5428.0903
2719,5408.1465,5548.089
2720,5531.132,5384.95
2721,5422.1353,5440.5137
2722,5314.8506,5490.6787
2723,5418.615,5427.68
2724,5341.9526,5558.789
2725,5420.125,4335.6787
2726,5316.9287,5430.8564
2727,5275.0166,5526.655
2728,5468.067,5472.009
2729,5393.4277,4897.1353
2730,5229.6567,5523.1973
2731,5404.624,5624.4595
2732,5524.992,5475.6597
2733,5353.324,4865.614
2734,5003.467,5502.963
2735,5390.9604,5476.719
2736,5404.272,5254.923
2737,5215.955,5331.8706
2738,5334.655,4483.1577
2739,2088.4883,5461.589
2740,5440.161,5121.5894
2741,5480.2686,3318.5632
2742,4281.9663,5307.5903
2743,5298.8853,5464.1006
2744,5256.961,5008.064
2745,5481.7593,4800.0557
2746,5358.05,5265.6733
2747,5191.9336,5205.451
2748,5454.9946,5373.353
2749,5304.9546,5354.467
2750,5487.2515,3510.2942
2751,3625.466,3678.0483
2752,1883.8544,5289.5864
2753,5359.784,3184.569
2754,5284.534,5380.7583
2755,5309.314,5577.397
2756,5288.2817,4915.0913
2757,5492.38,5417.2344
2758,5332.817,5358.068
2759,5289.8955,5444.1367
2760,5365.9556,5203.999
2761,5369.888,5580.8506
2762,5418.214,5500.7373
2763,5439.7705,5440.552
2764,5396.539,5529.0596
2765,5329.0034,5404.5576
2766,5434.3306,5676.5166
2767,5436.074,5561.197
2768,5586.236,5293.3667
2769,5450.7305,5612.987
2770,5407.3057,5518.7544
2771,5484.137,5585.6304
2772,5508.3096,5341.0176
2773,5494.382,5424.1387
2774,5303.9497,5494.943
2775,5337.938,5411.312
2776,5383.832,5382.0693
2777,5302.2344,5501.1426
2778,5283.3345,5621.5283
2779,5438.5195,5306.591
2780,5540.614,5510.544
2781,5246.4917,5289.855
2782,5491.916,5539.1396
2783,5321.3364,5402.595
2784,5433.9614,5369.881
2785,5362.6025,4854.1006
2786,5323.674,5232.4614
2787,5066.9907,5552.1074
2788,5458.4087,5604.526
2789,5410.957,5546.871
2790,5545.613,5274.661
2791,5545.147,5493.712
2792,5501.0146,4088.659
2793,5386.143,4850.4087
2794,5369.539,5491.7993
2795,5376.967,5242.6978
2796,4763.1577,5649.71
2797,5671.0576,4099.1294
2798,5436.6025,5426.1333
2799,5412.38,5538.321
2800,5502.0786,5642.6396
2801,5501.3174,4948.092
2802,5452.898,5373.2393
2803,5343.5234,5407.591
2804,5384.1533,5112.833
2805,5398.2896,5513.898
2806,5460.692,5344.478
2807,5400.717,5458.296
2808,2717.7314,5196.8994
2809,5061.432,5655.4277
2810,5493.085,5353.405
2811,5344.1704,5496.5684
2812,5313.751,5505.541
2813,5359.1167,5517.093
2814,5464.236,5498.589
2815,5303.8066,5684.862
2816,5582.2754,5613.689
2817,5477.418,5152.691
2818,5546.2227,4905.989
2819,5373.1973,5594.743
2820,5282.0063,5508.195
2821,5431.3247,5454.9854
2822,5346.9614,5501.8564
2823,5508.695,5554.0215
2824,2126.1414,5464.0693
2825,5389.5117,5561.6094
2826,5317.8623,5576.124
2827,5438.683,5446.335
2828,5467.832,5744.4473
2829,5539.0933,5303.345
2830,5549.1064,5449.9136
2831,5333.255,4105.4487
2832,4201.264,5446.4434
2833,5410.138,5475.521
2834,5452.9424,4426.613
2835,5522.3936,5453.6626
2836,5458.36,4522.9443
2837,2442.8303,5630.9795
2838,5209.2515,5594.8403
2839,5559.6733,5515.653
2840,5456.612,5600.5273
2841,5318.2285,5629.491
2842,5562.686,5488.767
2843,3785.187,5560.8394
2844,5520.8955,5586.698
2845,5504.163,5475.0225
2846,5490.228,5513.7397
2847,5323.0503,5586.2524
2848,5516.64,5529.771
2849,5528.37,5594.7104
2850,5497.045,5596.7637
2851,3935.269,5383.1846
2852,5514.802,5295.5454
2853,3530.158,5363.7173
2854,5373.455,5646.34
2855,5300.8735,5573.7983
2856,5534.129,5422.7295
2857,5463.2603,5515.0293
2858,5300.755,5465.6235
2859,5475.0747,5561.2065
2860,5387.3184,5577.0273
2861,5495.1416,5015.076
2862,5628.6543,5630.965
2863,5642.375,5507.1157
2864,5574.818,5495.2896
2865,5471.4155,5428.6694
2866,5433.493,5424.455
2867,5380.1772,5513.6855
2868,5400.392,5450.336
2869,5442.8516,5607.7793
2870,5422.7085,5515.585
2871,5550.4414,5429.2354
2872,5371.856,5510.3105
2873,5374.4414,5689.8037
2874,5446.809,5546.8887
2875,4964.755,5677.789
2876,5488.482,3062.7544
2877,5577.645,5132.587
2878,5210.3394,5171.264
2879,5201.8945,5604.3657
2880,5395.139,5376.4995
2881,5532.217,5445.807
2882,5360.8027,5086.586
2883,3313.887,4782.0024
2884,4826.7754,5408.517
2885,5051.2397,5369.245
2886,5279.292,5469.089
2887,5351.688,5510.624
2888,5470.5767,5489.1426
2889,3097.7578,5530.591
2890,5444.5693,5553.2036
2891,5504.138,5546.4727
2892,5262.343,5425.001
2893,5450.067,4872.0444
2894,5319.2666,2221.135
2895,1387.765,5468.561
2896,5409.9375,5596.512
2897,5437.0776,5476.63
2898,5490.6343,5552.207
2899,5409.7817,5517.085
2900,5498.584,5488.8564
2901,5448.7725,5394.6357
2902,5400.6255,5539.2266
2903,5342.263,5587.704
2904,5462.183,5582.8545
2905,5344.9824,5640.4756
2906,5561.008,5460.851
2907,5516.4014,5588.622
2908,5421.9893,5614.466
2909,5554.3096,5575.4014
2910,5565.3813,5429.492
2911,5430.8647,5607.2686
2912,4460.201,5573.7393
2913,5456.5923,5444.7817
2914,5528.1245,5416.4224
2915,5399.6333,5433.483
2916,5400.562,5601.1235
2917,5408.948,5443.8057
2918,5449.35,4921.942
2919,5461.164,5514.58
2920,5373.7915,5588.5977
2921,5380.361,5021.43
2922,5305.5225,4817.091
2923,5436.189,5565.056
2924,5041.656,5241.6597
2925,5502.314,5614.47
2926,5255.6665,5611.089
2927,5150.6997,5064.2715
2928,5458.874,5504.5654
2929,5533.2705,5623.5083
2930,5367.962,5360.1064
2931,5505.0337,5463.092
2932,5313.49,5539.042
2933,5417.901,3945.3696
2934,5481.361,5531.715
2935,5412.0713,5438.5635
2936,5449.3657,5543.3564
2937,5461.049,5374.909
2938,5456.711,5530.7217
2939,5341.951,5526.7314
2940,5406.613,5524.726
2941,5469.485,5454.957
2942,5373.1177,5487.6353
2943,5397.662,3227.1646
2944,5382.6245,3794.8489
2945,5508.7466,2272.1223
2946,3214.3574,5553.2373
2947,5502.2773,5490.0283
2948,5253.1543,5484.2603
2949,5489.3135,5491.4985
2950,5364.2764,5425.1143
2951,5427.4575,5055.578
2952,5370.793,5608.221
2953,5344.9194,5449.6846
2954,5471.2456,5395.2207
2955,5296.8965,5526.977
2956,5414.976,5557.3604
2957,5366.6597,5399.8823
2958,5270.694,5433.4873
2959,5305.3955,5407.9272
2960,5262.209,5437.4736
2961,5371.2793,5428.6963
2962,5383.028,5408.6
2963,5401.6333,5360.4517
2964,5298.112,2809.3037
2965,1613.2727,5424.9814
2966,5248.1655,5424.0186
2967,5359.9214,5106.7104
2968,4082.5686,5103.2466
2969,4587.291,5439.74
2970,5328.7563,5558.3555
2971,5279.9565,5335.1987
2972,5153.064,5495.243
2973,5445.1763,5582.772
2974,5406.1367,5289.6807
2975,5231.015,5337.371
2976,5301.696,5421.1045
2977,5427.257,5570.222
2978,5373.5156,5569.1533
2979,5474.8066,5467.627
2980,5414.397,5424.1094
2981,5425.117,4161.9243
2982,5563.9087,5524.474
2983,5410.375,4388.2197
2984,5446.384,5141.784
2985,5499.3813,3091.6177
2986,2222.531,4146.1113
2987,5646.1616,5451.985
2988,5564.185,5275.4023
2989,5489.1226,5631.509
2990,5494.211,5504.7886
2991,5555.8027,5600.784
2992,5498.577,5319.1074
2993,5476.443,5558.3896
2994,5354.9966,4945.6797
2995,5505.148,5465.582
2996,5508.755,5465.056
2997,5397.694,5505.2295
2998,5471.9863,5542.4243
2999,5518.534,5523.8447
3000,5490.8965,5555.1562
